{,{,JnN(),(l),J(),I(),J(yj),I(yj),WJn,WI,ZJn,ZI,,a,x,,a,a,cta,H,,Z,db,{u,x,ox,TCgAhX,l
F,O},0,120,7:30,18:30,7:30,16:30,7:30,18:30,8:30,16:30,,~,~,~,~,~,~,,http://www.naracity-kosodate.jp/pdf/nara_hoikusyo.pdf,sV9,0742-22-7018,s,34.683062,135.822498,http://www.naracity-kosodate.jp/hoikusyo/,8T`
F,t,0,200,7:30,18:30,7:30,17:30,7:30,18:30,8:30,16:30,,~,~,~,~,~,~,,http://www.naracity-kosodate.jp/pdf/nara_hoikusyo.pdf,s165-2,0742-61-7017,s,34.672661,135.82217,http://www.naracity-kosodate.jp/hoikusyo/,8T`
F,s,0,100,7:30,18:30,7:50,17:00,7:30,18:30,8:30,16:30,,~,~,~,~,~,~,,http://www.naracity-kosodate.jp/pdf/nara_hoikusyo.pdf,s1-107-1,0742-61-2870,s,34.653963,135.830946,http://www.naracity-kosodate.jp/hoikusyo/,8T`
F,,0,200,7:00,19:00,7:30,17:30,7:30,18:30,8:30,16:30,,~,~,~,~,~,~,,http://www.naracity-kosodate.jp/pdf/nara_hoikusyo.pdf,s3-9-35,0742-44-2666,s,34.682719,135.775527,http://www.naracity-kosodate.jp/hoikusyo/,8T`
F,{,0,200,7:00,19:00,7:30,17:30,7:30,18:30,8:30,16:30,,~,~,~,~,~,~,,http://www.naracity-kosodate.jp/pdf/nara_hoikusyo.pdf,sO{3-8,0742-33-1355,s,34.678832,135.816032,http://www.naracity-kosodate.jp/hoikusyo/,8T`
F,E,0,200,7:00,19:00,7:30,17:30,7:30,18:30,8:30,16:30,,~,~,~,~,~,~,,http://www.naracity-kosodate.jp/pdf/nara_hoikusyo.pdf,sE5-1-1,0742-71-1186,s,34.722413,135.78819,http://www.naracity-kosodate.jp/hoikusyo/,8T`
F,,0,160,7:30,18:30,7:30,17:00,7:30,18:30,8:30,16:30,,~,~,~,~,~,~,,http://www.naracity-kosodate.jp/pdf/nara_hoikusyo.pdf,sZ1-3-43-1,0742-43-9023,s,34.6716,135.770904,http://www.naracity-kosodate.jp/hoikusyo/,8T`
F,xY,0,160,7:00,19:00,7:30,17:00,7:30,18:30,8:30,16:30,,~,~,~,~,~,~,,http://www.naracity-kosodate.jp/pdf/nara_hoikusyo.pdf,sOO6-10-13,0742-45-9341,s,34.683416,135.738514,http://www.naracity-kosodate.jp/hoikusyo/,8T`
F,yV,0,300,7:15,18:45,7:30,18:30,7:15,18:15,9:00,17:00,,~,~,~,~,~,~,,http://www.naracity-kosodate.jp/pdf/nara_hoikusyo.pdf,sI829,0742-22-4598,@lRc,34.674484,135.838653,http://gokuho.hozanji-wel.org/,2`
F,-e,0,100,7:15,18:45,7:15,14:30,7:15,18:15,8:30,16:30,,,~,~,~,~,~,,http://www.naracity-kosodate.jp/pdf/nara_hoikusyo.pdf,sY19,0742-23-5363,@lE-e,34.677688,135.826121,http://nara-lutheran.jp/,3`AaNEBB
F,,0,172,7:00,19:00,7:00,14:00,7:00,18:00,8:30,16:30,,~,~,~,~,~,~,,http://www.naracity-kosodate.jp/pdf/nara_hoikusyo.pdf,s1-1-4,0742-44-3085,@@l,34.692744,135.780793,,9T`
F,-e,0,120,7:00,19:00,7:30,18:00,7:30,18:30,8:30,16:30,,~,~,~,~,~,~,,http://www.naracity-kosodate.jp/pdf/nara_hoikusyo.pdf,s2-19-5,0742-44-5475,@lE-e,34.690507,135.725147,http://nishinara-hoiku.jp/,3`
F,,0,165,7:00,22:00,7:00,18:30,7:00,18:00,8:30,16:30,,~,~,~,~,~,~,,http://www.naracity-kosodate.jp/pdf/nara_hoikusyo.pdf,s711,0742-23-4615,@l,34.676504,135.841337,http://minorihoikuen.akebonokai-nara.jp/,Yx`
F,,0,70,7:00,19:00,7:00,18:00,7:30,18:30,8:30,16:30,,~,~,~,~,~,~,,http://www.naracity-kosodate.jp/pdf/nara_hoikusyo.pdf,skou6-28-10,0742-46-7050,@l,34.725421,135.769603,http://www.ans.co.jp/n/mizuho/,6`
F,,0,125,7:15,18:45,7:15,18:45,7:15,18:15,8:30,16:30,,~,~,~,~,~,~,,http://www.naracity-kosodate.jp/pdf/nara_hoikusyo.pdf,sOY5-7,0742-34-7488,@l,34.681151,135.810671,,60`
F,,0,40,7:00,22:00,7:00,22:00,11:00,22:00,11:00,19:00,,,,,~,~,~,,http://www.naracity-kosodate.jp/pdf/nara_hoikusyo.pdf,s|208,0742-22-1699,@l,34.672459,135.846921,http://yakanhoikusho.akebonokai-nara.jp/,8T`AxEaNEBB
F,,0,120,7:00,20:00,7:00,17:00,8:00,19:00,8:30,16:30,,,~,~,~,~,~,,http://www.naracity-kosodate.jp/pdf/nara_hoikusyo.pdf,s1-2361-3,0742-51-0115,@la,34.706269,135.736495,http://www.o-ka.ed.jp/,3`AaNEBB
F,,0,110,7:30,19:30,7:30,18:30,7:30,18:30,9:00,17:00,,,~,~,~,~,~,,http://www.naracity-kosodate.jp/pdf/nara_hoikusyo.pdf,s292-4,0742-32-4150,@l,34.674448,135.788296,http://nara-sakura.com/,56`AaNEBB
F,,0,120,7:00,22:00,7:00,18:00,7:30,18:30,8:30,16:30,,~,~,~,~,,~,,http://www.naracity-kosodate.jp/pdf/nara_hoikusyo.pdf,sHV270,0742-52-4321,@lH,34.699732,135.779171,http://akishino-akane.com/facility5.html,8T`AaNEBB
F,,0,90,7:00,20:00,7:00,18:00,7:00,18:00,8:30,16:30,,~,~,~,~,~,~,,http://www.naracity-kosodate.jp/pdf/nara_hoikusyo.pdf,sxYk3-14-3,0742-53-0419,@l,34.70097,135.738933,http://sorahoikuen.jp/,4`
F,,0,120,7:30,20:00,7:30,18:30,8:00,19:00,8:00,16:00,,,~,~,~,~,~,,http://www.naracity-kosodate.jp/pdf/nara_hoikusyo.pdf,s3-904,0742-61-1117,@loc@,34.668566,135.806001,http://aidu.narac.jp/,8T`AaNEBB
F,wO,0,126,7:30,19:30,7:30,18:00,7:30,18:30,8:30,16:30,,,~,~,~,~,~,,http://www.naracity-kosodate.jp/pdf/nara_hoikusyo.pdf,sxY1-3-17,0742-41-7223,@l,34.695062,135.732492,http://www.naraen.or.jp/index.html,6`AaNEBB
F,,0,90,7:30,19:30,7:30,15:00,8:30,19:30,8:30,16:30,,~,~,~,~,~,~,,http://www.naracity-kosodate.jp/pdf/nara_hoikusyo.pdf,s36-1,0742-20-5355,@lt,34.675639,135.821437,http://www.smile-hoikuen.com/pg60.html,4`
F,m,0,90,7:00,20:00,7:00,17:00,7:00,18:00,8:30,16:30,,,~,~,~,~,~,,http://www.naracity-kosodate.jp/pdf/nara_hoikusyo.pdf,sZ2-2-1,0742-81-8011,@lm,34.668016,135.776957,http://midori-no-sono.com/,8T`AaNEBB
F,V{wO,0,90,7:00,20:00,7:00,18:00,7:00,18:00,8:30,16:30,,,~,~,~,~,~,,http://www.naracity-kosodate.jp/pdf/nara_hoikusyo.pdf,s4-11-6,0742-36-6777,@lm,34.685982,135.809294,http://midori-no-sono.com/,8T`AaNEBB
F,wsA,0,90,7:00,20:00,7:00,18:00,7:00,18:00,9:00,17:00,,,~,~,~,~,~,,http://www.naracity-kosodate.jp/pdf/nara_hoikusyo.pdf,sou6-15-1,0742-81-3081,@lvR,34.723072,135.747514,http://www.kaguyamakai.com/pure-gakkennara/,4`AaNEBB
F,(),1,20,7:30,18:30,7:30,18:30,7:30,18:30,7:30,15:30,,~,~,~,~,~,~,,http://www.naracity-kosodate.jp/pdf/nara_hoikusyo.pdf,s{2-1-16{ct,0742-34-1771,@loc@,34.682801,135.817204,http://aidu.narac.jp/,1NX`2NX
F,(),0,11,7:30,18:30,7:00,18:00,7:30,18:30,8:30,16:30,,~,~,~,~,~,~,,http://www.naracity-kosodate.jp/pdf/nara_hoikusyo.pdf,sSy4-1-1a,0742-53-0419,@l,34.700432,135.743932,http://sorahoikuen.jp/,4`2NX
F,YMCA,0,90,7:00,19:30,7:00,18:00,7:30,18:30,8:30,16:30,,,~,~,~,~,~,,http://www.naracity-kosodate.jp/pdf/nara_hoikusyo.pdf,s4-11r6r1K,0742-48-2525,@lYMCA,34.690645,135.783018,http://www.naraymcahoikuen.org/index.html,3`AaNEBB
F,,0,90,7:00,20:00,7:00,18:00,7:00,18:00,8:30,16:30,,,~,~,~,~,~,,http://www.naracity-kosodate.jp/pdf/nara_hoikusyo.pdf,s677-1,0742-51-6660,@lm,34.687147,135.771452,http://midori-no-sono.com/,8T`AaNEBB
F,sV(),3,40,9:00,14:00,,,,,,,~,~,~,~,~,~,,,,ssV1026-6,0743-82-0100,s,34.606316,135.95749,http://www.naracity-kosodate.jp/hoikusyo/,3NX`
F,sV(),0,120,7:30,18:30,7:30,16:00,7:30,18:30,8:30,16:30,,~,~,~,~,~,~,,http://www.naracity-kosodate.jp/pdf/nara_hoikusyo.pdf,ssV1026-6,0743-82-0100,s,34.606316,135.95749,http://www.naracity-kosodate.jp/hoikusyo/,8T`
F,(),3,15,9:00,14:00,,,,,,,~,~,~,~,~,~,,,,sR2790,0743-92-0310,s,34.711331,136.044839,http://www.naracity-kosodate.jp/hoikusyo/,3NX`
F,(),0,45,7:30,18:30,7:45,12:30,7:30,18:30,8:30,16:30,,~,~,~,~,~,~,,http://www.naracity-kosodate.jp/pdf/nara_hoikusyo.pdf,sR2790,0743-92-0310,s,34.711331,136.044839,http://www.naracity-kosodate.jp/hoikusyo/,1`
F,(),3,41,9:00,14:00,,,,,,,~,~,~,~,~,~,,,,s20,0742-61-0554,s,34.644662,135.83003,http://www.naracity-kosodate.jp/hoikusyo/,3NX`
F,(),0,129,7:30,18:30,7:30,17:00,7:30,18:30,8:30,16:30,,~,~,~,~,~,~,,http://www.naracity-kosodate.jp/pdf/nara_hoikusyo.pdf,s20,0742-61-0554,s,34.644662,135.83003,http://www.naracity-kosodate.jp/hoikusyo/,8T`
F,z(),,,,,,,,,,,,,,,,,,,,sWn40,,s,34.707417,135.980834,,x
F,z(),,,,,,,,,,,,,,,,,,,,sWn40,,s,34.707417,135.980834,,x
F,(),3,14,9:00,14:00,,,,,,,~,~,~,~,~,~,,,,s156,0742-94-0303,s,34.737362,135.951761,http://www.naracity-kosodate.jp/hoikusyo/,3NX`
F,(),1,36,7:30,18:30,7:45,12:30,7:30,18:30,8:30,16:30,,~,~,~,~,~,~,,http://www.naracity-kosodate.jp/pdf/nara_hoikusyo.pdf,s156,0742-94-0303,s,34.737362,135.951761,http://www.naracity-kosodate.jp/hoikusyo/,1NX`
F,s(),3,140,9:00,14:00,,,,,,,~,~,~,~,~,~,,,,slH5-2-55,0742-33-5661,s,34.680369,135.789523,http://www.naracity-kosodate.jp/hoikusyo/,3NX`
F,s(),3,30,7:30,18:30,,,7:30,18:30,8:30,16:30,,~,~,~,~,~,~,,http://www.naracity-kosodate.jp/pdf/nara_hoikusyo.pdf,slH5-2-55,0742-33-5661,s,34.680369,135.789523,http://www.naracity-kosodate.jp/hoikusyo/,3NX`
F,xY(),3,140,9:00,14:00,,,,,,,~,~,~,~,~,~,,,,s4174,0742-43-1606,s,34.674513,135.748376,http://www.naracity-kosodate.jp/hoikusyo/,3NX`
F,xY(),3,30,7:30,18:30,,,7:30,18:30,8:30,16:30,,~,~,~,~,~,~,,http://www.naracity-kosodate.jp/pdf/nara_hoikusyo.pdf,s4174,0742-43-1606,s,34.674513,135.748376,http://www.naracity-kosodate.jp/hoikusyo/,3NX`
F,a(),3,140,9:00,14:00,,,,,,,~,~,~,~,~,~,,,,sSy4-1-1,0742-44-9596,s,34.700432,135.743932,http://www.naracity-kosodate.jp/hoikusyo/,3NX`
F,a(),3,30,7:30,18:30,,,7:30,18:30,8:30,16:30,,~,~,~,~,~,~,,http://www.naracity-kosodate.jp/pdf/nara_hoikusyo.pdf,sSy4-1-1,0742-44-9596,s,34.700432,135.743932,http://www.naracity-kosodate.jp/hoikusyo/,3NX`
F,(),3,155,9:00,14:00,,,,,,,~,~,~,~,~,~,,,,s3-1-2,0742-72-0581,s,34.713953,135.805029,http://www.naracity-kosodate.jp/hoikusyo/,3NX`
F,(),3,15,7:30,18:30,,,7:30,18:30,8:30,16:30,,~,~,~,~,~,~,,http://www.naracity-kosodate.jp/pdf/nara_hoikusyo.pdf,s3-1-2,0742-72-0581,s,34.713953,135.805029,http://www.naracity-kosodate.jp/hoikusyo/,3NX`
F,~(),3,30,9:00,14:00,,,,,,,~,~,~,~,~,~,,,,ss1249,0742-61-0139,s,34.662704,135.835026,http://www.naracity-kosodate.jp/hoikusyo/,3NX`
F,~(),0,130,7:30,18:30,7:30,17:30,7:30,18:30,8:30,16:30,,~,~,~,~,~,~,,http://www.naracity-kosodate.jp/pdf/nara_hoikusyo.pdf,ss1249,0742-61-0139,s,34.662704,135.835026,http://www.naracity-kosodate.jp/hoikusyo/,8T`
F,_(),3,95,9:00,14:00,,,,,,,~,~,~,~,~,~,,,,s_4-25-3A4-13-1,0742-71-4647,s,34.720658,135.777808,http://www.naracity-kosodate.jp/hoikusyo/,3NX`
F,_(),0,135,7:30,18:30,7:30,17:00,7:30,18:30,8:30,16:30,,~,~,~,~,~,~,,http://www.naracity-kosodate.jp/pdf/nara_hoikusyo.pdf,s_4-25-3A4-13-1,0742-71-4647,s,34.720658,135.777808,http://www.naracity-kosodate.jp/hoikusyo/,8T`
F,(),3,61,9:00,14:00,,,,,,,~,~,~,~,~,~,,,,s2-1,0742-45-4753,s,34.706567,135.751567,http://www.naracity-kosodate.jp/hoikusyo/,3NX`
F,(),3,9,9:00,17:00,,,,,9:00,17:00,~,~,~,~,~,~,~,,http://www.naracity-kosodate.jp/pdf/nara_hoikusyo.pdf,s2-1,0742-45-4753,s,34.706567,135.751567,http://www.naracity-kosodate.jp/hoikusyo/,3NX`
F,(),3,30,9:00,14:00,,,,,,,~,~,~,~,~,~,,,,s493-1,0742-22-7019,s,34.696811,135.834306,http://www.naracity-kosodate.jp/hoikusyo/,3NX`
F,(),0,100,7:30,18:30,7:30,16:00,7:30,18:30,8:30,16:30,,~,~,~,~,~,~,,http://www.naracity-kosodate.jp/pdf/nara_hoikusyo.pdf,s493-1,0742-22-7019,s,34.696811,135.834306,http://www.naracity-kosodate.jp/hoikusyo/,8T`
F,(),3,60,9:00,14:00,,,,,,,~,~,~,~,~,~,,,,"s6-9,6-10-2",0742-71-5221,s,34.716102,135.796732,http://www.naracity-kosodate.jp/hoikusyo/,3NX`
F,(),0,190,7:00,19:00,7:30,17:30,7:30,18:30,8:30,16:30,,~,~,~,~,~,~,,http://www.naracity-kosodate.jp/pdf/nara_hoikusyo.pdf,"s6-9,6-10-2",0742-71-5221,s,34.716102,135.796732,http://www.naracity-kosodate.jp/hoikusyo/,8T`
F,(),3,140,9:00,14:00,,,,,,,~,~,~,~,~,~,,,,sH1540-1,0742-45-4758,s,34.711409,135.779079,http://www.naracity-kosodate.jp/hoikusyo/,3NX`
F,(),3,30,7:30,18:30,,,7:30,18:30,8:30,16:30,,~,~,~,~,~,~,,http://www.naracity-kosodate.jp/pdf/nara_hoikusyo.pdf,sH1540-1,0742-45-4758,s,34.711409,135.779079,http://www.naracity-kosodate.jp/hoikusyo/,3NX`
F,ou(),3,110,9:00,14:00,,,,,,,~,~,~,~,~,~,,,,sou4-21-26,0742-43-3151,s,34.719853,135.756006,http://www.naracity-kosodate.jp/hoikusyo/,3NX`
F,ou(),3,30,7:30,18:30,,,7:30,18:30,8:30,16:30,,~,~,~,~,~,~,,http://www.naracity-kosodate.jp/pdf/nara_hoikusyo.pdf,sou4-21-26,0742-43-3151,s,34.719853,135.756006,http://www.naracity-kosodate.jp/hoikusyo/,3NX`
F,(),3,155,9:00,14:00,,,,,,,~,~,~,~,~,~,,,,s367,0742-45-4745,s,34.687538,135.775597,http://www.naracity-kosodate.jp/hoikusyo/,3NX`
F,(),3,15,7:30,18:30,,,7:30,18:30,8:30,16:30,,~,~,~,~,~,~,,http://www.naracity-kosodate.jp/pdf/nara_hoikusyo.pdf,s367,0742-45-4745,s,34.687538,135.775597,http://www.naracity-kosodate.jp/hoikusyo/,3NX`
F,w(),3,55,9:00,14:00,,,,,,,~,~,~,~,~,~,,,,swO15-28,0742-46-1176,s,34.693607,135.749513,http://www.naracity-kosodate.jp/hoikusyo/,3NX`
F,w(),0,200,7:00,19:00,7:30,17:00,7:30,18:30,8:30,16:30,,~,~,~,~,~,~,,http://www.naracity-kosodate.jp/pdf/nara_hoikusyo.pdf,swO15-28,0742-46-1176,s,34.693607,135.749513,http://www.naracity-kosodate.jp/hoikusyo/,8T`
F,Cs(),3,55,9:00,14:00,,,,,,,~,~,~,~,~,~,,,,s414-4,0742-61-7020,s,34.659953,135.800763,http://www.naracity-kosodate.jp/hoikusyo/,3NX`
F,Cs(),0,160,7:30,18:30,7:30,16:30,7:30,18:30,8:30,16:30,,~,~,~,~,~,~,,http://www.naracity-kosodate.jp/pdf/nara_hoikusyo.pdf,s414-4,0742-61-7020,s,34.659953,135.800763,http://www.naracity-kosodate.jp/hoikusyo/,8T`
F,FwOw(),3,40,9:00,14:00,,,,,,,~,~,~,~,~,~,,,,sR3-535-200,0742-43-7002,wZ@lgZw,34.709998,135.759038,http://www.yoshizumi-gakuen.ac.jp/caress_youchien/index.php,3`
F,FwOw(),0,210,7:00,19:00,8:30,17:00,7:00,18:00,8:30,16:30,,,~,~,~,~,~,,http://www.naracity-kosodate.jp/pdf/nara_hoikusyo.pdf,sR3-535-200,0742-43-7002,wZ@lgZw,34.709998,135.759038,http://www.yoshizumi-gakuen.ac.jp/caress_youchien/index.php,4`AaNEBB
F,Frw(),3,21,9:00,14:00,,,,,,,~,~,~,~,~,~,,,,srk3-10-13,0742-52-8801,wZ@lgZw,34.698201,135.766952,http://www.yoshizumi-gakuen.ac.jp/caress_youchien/index.php,3`
F,Frw(),0,122,7:00,19:00,8:30,12:30,7:00,18:00,8:30,16:30,,,~,~,~,~,~,,http://www.naracity-kosodate.jp/pdf/nara_hoikusyo.pdf,srk3-10-13,0742-52-8801,wZ@lgZw,34.698201,135.766952,http://www.yoshizumi-gakuen.ac.jp/caress_youchien/index.php,6`AaNEBB
F,FxYw(),3,28,9:00,14:00,,,,,,,~,~,~,~,~,~,,,,swa6-708-15,0742-43-0662,wZ@lgZw,34.691188,135.744186,http://www.yoshizumi-gakuen.ac.jp/caress_youchien/index.php,3`
F,FxYw(),0,90,7:00,19:00,8:30,12:30,7:00,18:00,8:30,16:30,,,~,~,~,~,~,,http://www.naracity-kosodate.jp/pdf/nara_hoikusyo.pdf,swa6-708-15,0742-43-0662,wZ@lgZw,34.691188,135.744186,http://www.yoshizumi-gakuen.ac.jp/caress_youchien/index.php,6`AaNEBB
F,(),3,6,9:00,13:00,,,,,,,~,~,~,~,~,~,,,,s1-79-101,0742-45-7861,@l~S,34.703004,135.750536,,3NX`
F,(),0,152,7:00,19:00,7:00,17:00,7:00,18:00,9:00,17:00,,~,~,~,~,~,~,,http://www.naracity-kosodate.jp/pdf/nara_hoikusyo.pdf,s1-79-101,0742-45-7861,@l~S,34.703004,135.750536,,8T`
F,(),3,15,9:00,13:00,,,,,,,~,~,~,~,~,~,,,,srk2-3-97,0742-43-4340,@l],34.702416,135.763221,http://www.kibounokai.jp/kodama/,3`
F,(),0,90,7:30,19:30,7:30,18:30,7:30,18:30,9:00,17:00,,~,~,~,~,~,~,,http://www.naracity-kosodate.jp/pdf/nara_hoikusyo.pdf,srk2-3-97,0742-43-4340,@l],34.702416,135.763221,http://www.kibounokai.jp/kodama/,3`
F,o(),3,9,9:00,14:00,,,,,,,~,~,~,~,~,~,,,,sou1-4162,0742-44-0351,@l@,34.71794,135.748147,http://www.fukushiin.com/nakatomi/,3NX`
F,o(),0,216,7:00,19:30,7:00,18:00,7:30,18:30,8:30,16:30,,~,~,~,~,~,~,,http://www.naracity-kosodate.jp/pdf/nara_hoikusyo.pdf,sou1-4162,0742-44-0351,@l@,34.71794,135.748147,http://www.fukushiin.com/nakatomi/,8T`
F,R(),3,9,9:00,14:00,,,,,,,~,~,~,~,~,~,,,,s@@1368,0742-23-5512,@l@,34.692701,135.828993,http://www.fukushiin.com/sahoyama/index.html,3NX`
F,R(),0,306,7:00,19:00,7:00,18:00,8:00,19:00,9:00,17:00,,,,~,~,,~,,http://www.naracity-kosodate.jp/pdf/nara_hoikusyo.pdf,s@@1368,0742-23-5512,@l@,34.692701,135.828993,http://www.fukushiin.com/sahoyama/index.html,Yx`AxEaEaNEBB
F,(),3,9,9:00,14:00,,,,,,,~,~,~,~,~,~,,,,s@@393,0742-36-8833,@l@,34.690567,135.812703,http://www.fukushiin.com/sahogawa/,3NX`
F,(),0,180,7:00,22:00,7:00,18:00,7:30,18:30,8:30,16:30,,~,~,~,~,~,~,,http://www.naracity-kosodate.jp/pdf/nara_hoikusyo.pdf,s@@393,0742-36-8833,@l@,34.690567,135.812703,http://www.fukushiin.com/sahogawa/,Yx`
F,YMCA(),3,9,9:00,13:00,,,,,,,~,~,~,~,~,~,,,,sHV338,0742-49-2525,@lYMCA,34.700995,135.781656,http://www.naraymcahoikuen.org/index.html,3NX`
F,YMCA(),0,130,7:00,20:00,7:00,18:00,8:00,19:00,8:30,16:30,,,~,~,~,~,~,,http://www.naracity-kosodate.jp/pdf/nara_hoikusyo.pdf,sHV338,0742-49-2525,@lYMCA,34.700995,135.781656,http://www.naraymcahoikuen.org/index.html,9T`AaNEBB
F,(),3,12,8:30,13:30,,,,,,,~,~,~,~,~,~,,,,s@@986-73,0742-26-4302,@l,34.691109,135.823005,http://www.ans.co.jp/n/ainosonohoikuen/,3NX`
F,(),0,68,7:30,18:30,7:30,14:30,7:30,18:30,8:30,16:30,,~,~,~,~,~,~,,http://www.naracity-kosodate.jp/pdf/nara_hoikusyo.pdf,s@@986-73,0742-26-4302,@l,34.691109,135.823005,http://www.ans.co.jp/n/ainosonohoikuen/,6`
F,FJgbNct(),3,119,8:30,14:00,,,,,,,~,~,~,~,~,~,,,,soH36-1,0742-22-4089,wZ@lJgbNw,34.685501,135.829788,http://www.naracatholic-youchien.jp/,3NX`A`11:30
F,FJgbNct(),2,28,7:30,19:00,8:30,11:30,7:30,18:30,8:30,16:30,,~,~,~,~,~,~,,http://www.naracity-kosodate.jp/pdf/nara_hoikusyo.pdf,soH36-1,0742-22-4089,wZ@lJgbNw,34.685501,135.829788,http://www.naracatholic-youchien.jp/,2NX`AEy3`11:30
n^,I(K),0,19,7:30,19:30,7:30,18:30,7:30,18:30,9:00,17:00,,~,~,~,~,~,~,,http://www.naracity-kosodate.jp/pdf/nara_hoikusyo.pdf,sI2715,0742-32-1210,@l],34.695262,135.792406,http://www.kibounokai.jp/sakikodama/,3`
n^,YMCA(K),0,19,7:00,19:00,7:00,18:00,7:00,18:00,8:30,16:30,,~,~,~,~,~,~,,http://www.naracity-kosodate.jp/pdf/nara_hoikusyo.pdf,s1-7-31(1A2F),0742-44-2525,@lYMCA,34.690365,135.783332,http://www.naraymcahoikuen.org/index.html,9T`
n^,j`CLbY(K),0,19,7:00,19:00,7:00,19:00,7:30,18:30,8:30,16:30,,,~,~,~,~,~,,http://www.naracity-kosodate.jp/pdf/nara_hoikusyo.pdf,s2-21-1r1-B,0742-53-8125,j`Cw,34.688116,135.781853,https://www.nichiikids.net/nursery/other/fushimisugawara/index.html,8T`AaNEBB
n^,(K),0,19,7:00,19:00,7:00,19:00,7:00,18:00,8:00,16:00,,~,~,~,~,~,~,,http://www.naracity-kosodate.jp/pdf/nara_hoikusyo.pdf,s@83-5RXr1F,0742-81-8461,NPO@lqT-N,34.688406,135.811171,http://kosodate-nara.com/nara_sukoyaka/,3`
ct,ct,4,70,9:00,14:00,,,,,,,~,~,~,~,~,~,~,~,,sI826,0742-23-4249,s,34.674651,135.839255,,4NX`
ct,ct,4,70,9:00,14:00,,,,,,,~,~,~,~,~,~,~,~,,s28,0742-22-7077,s,34.675473,135.822399,,4NX`
ct,ct,4,70,9:00,14:00,,,,,,,~,~,~,~,~,~,~,~,,s@@757-8,0742-22-7078,s,34.692999,135.821231,,4NX`
ct,{ct,4,140,9:00,14:00,,,,,,,~,~,~,~,~,~,,~,,s{2-1-16,0742-33-0033,s,34.682801,135.817204,,4NX`A14:00`17:00@cta
ct,ct,4,70,9:00,14:00,,,,,,,~,~,~,~,~,~,,~,,s1-7-1,0742-61-7032,s,34.669081,135.815594,,4NX`A14:00`17:00@cta
ct,ct,4,70,9:00,14:00,,,,,,,~,~,~,~,~,~,,~,,s_a598-1,0742-61-2564,s,34.656742,135.822609,,4NX`A14:00`17:00@cta
ct,xYkct,4,140,9:00,14:00,,,,,,,~,~,~,~,~,~,,~,,sO1-5-6,0742-45-0515,s,34.698757,135.731639,,4NX`A14:00`17:00@cta
ct,ct,4,70,9:00,14:00,,,,,,,~,~,~,~,~,~,~,~,,s3-11-2,0742-45-7895,s,34.694871,135.725666,,4NX`
ct,ouct,4,70,9:00,14:00,,,,,,,~,~,~,~,~,~,,~,,sou4-21-1,0742-44-7071,s,34.71986,135.740511,,4NX`A14:00`17:00@cta
ct,ct,4,70,9:00,14:00,,,,,,,~,~,~,~,~,~,~,~,,s1-3722,0742-43-3150,s,34.707347,135.737041,,4NX`
ct,Zct,4,70,9:00,14:00,,,,,,,~,~,~,~,~,~,,~,,sZ2-14-2,0742-43-5698,s,34.670734,135.772251,,4NX`A14:00`17:00@cta
ct,kct,4,70,9:00,14:00,,,,,,,~,~,~,~,~,~,,~,,sc1-6-2,0742-43-7435,s,34.698916,135.772436,,4NX`A14:00`17:00@cta
ct,xYOct,4,70,9:00,14:00,,,,,,,~,~,~,~,~,~,,~,,sR2-11-2,0742-43-9566,s,34.676115,135.730901,,4NX`A14:00`17:00@cta
ct,ct,,,,,,,,,,,,,,,,,,,,sou3-1168,,s,34.713493,135.7642,,x
ct,ct,4,70,9:00,14:00,,,,,,,~,~,~,~,~,~,,~,,s1-348,0742-34-7599,s,34.673448,135.804477,,4NX`A14:00`17:00@cta
ct,OOct,4,70,9:00,14:00,,,,,,,~,~,~,~,~,~,~,~,,su1-20-32,0742-47-1581,s,34.682832,135.742004,,4NX`
ct,ct,4,70,9:00,14:00,,,,,,,~,~,~,~,~,~,~,~,,s5-5-3,0742-49-0185,s,34.681325,135.769863,,4NX`
ct,qwct,3,142,8:45,11:45,,,,,,,~,~,~,~,~,~,~,,,swk1-16-14,0742-45-7261,,34.699728,135.747779,http://www.nara-wu.ac.jp/kindergarten/,3NX`AE`14:00
ct,wct,3,135,8:40,11:45,,,,,,,~,~,~,~,~,~,~,,,s354,0742-27-9286,,34.673709,135.845403,http://www.nara-edu.ac.jp/KINDER/homepage.htm,3NX`AE`14:00
ct,ct,3,160,9:00,14:00,9:00,11:30,,,,,~,~,~,~,~,~,,,,s110-26,0742-22-4148,wZ@lw,34.674295,135.824464,http://aizen.youchien.net/,3`Ay135`11:30
ct,ct,3,150,8:30,14:00,8:30,11:45,,,,,~,~,~,~,~,~,,,,s24,0742-22-5873,wZ@l`w,34.680435,135.825386,http://www.isagawa.ed.jp/,3NX`Ay135`11:45
ct,wOlI|Xct,3,260,8:40,14:30,,,,,,,~,~,~,~,~,~,,,,swa1-215,0742-44-3480,wZ@lwOlI|Xw,34.689524,135.749069,http://gakuenmae-neopolis.jp/,3NX`
ct,Ewct,3,180,9:00,14:00,,,,,,,~,~,~,~,~,~,,,,srk1-33-3,0742-53-1200,wZ@lEw,34.699882,135.763199,http://www.fes-kinder.kindai.ac.jp/kinder/,3NX`
ct,ct,3,380,9:00,14:30,,,,,,,~,~,~,~,~,~,,,,s1-1-9,0742-45-4610,wZ@lw,34.693775,135.780187,http://www.saidaijiyouchien.com/,3`A3`11:30
ct,ect,3,120,8:30,14:00,8:30,11:45,,,,,~,~,~,~,~,~,,,,soH44-2,0742-23-3210,wZ@lew,34.682842,135.829271,http://www.shin-ai.ed.jp/,3NX`AEy`11:45
ct,Rct,3,180,9:00,14:20,,,,,,,~,~,~,~,~,~,,,,sw3-1-3,0742-41-4667,wZ@lRw,34.69609,135.749142,http://www.tezukayama-k.jp/,3NX`
ct,wct,3,160,9:00,15:00,,,,,,,~,~,~,~,~,~,,,,sGi406-1,0742-22-2958,wZ@lw,34.689286,135.837328,http://www.kids.tdj.ac.jp/,3NX`A`12:00
ct,ouJgbNct,3,220,9:00,14:00,,,,,,,~,~,~,~,~,~,,,,sou2-1994-2,0742-44-8842,wZ@lJgbN}Xgw,34.716319,135.752187,,3NX`A`11:30
ct,pct,3,45,8:30,14:00,8:30,11:30,,,,,~,~,~,~,~,~,,,,s@@1000,0742-26-2848,wZ@lpw,34.690716,135.824643,https://www.ikuei.ed.jp/ikuei-k/,3NX`Ay135`11:30
ct,wct,3,155,9:00,14:00,,,,,,,~,~,~,~,~,~,,,,sou3-15-1,0742-93-5111,wZ@lw,34.721306,135.748831,http://www.naragakuen.jp/tomigaoka/t_kin/,3NX`
ct,wct,3,240,9:15,14:30,,,,,,,~,~,~,~,~,~,,,,s1-10-1,0742-45-7531,wZ@lw,34.689341,135.78463,http://www.kinder.nara-u.ac.jp/,3NX`
ct,w@tct,3,90,8:45,15:00,8:45,11:30,,,,,~,~,~,~,~,~,,,,sO{O3-6,0742-33-3604,wZ@lw,34.681489,135.81485,http://www.shirafuji.ac.jp/youchi/,3NX`Ay135`11:30
ct,ct,3,210,8:00,14:20,8:00,11:30,,,,,~,~,~,~,~,~,,,,s1032,0742-44-7060,wZ@lw,34.672866,135.765531,http://hikariyonara.jp/,3NX`Ay135`11:30
FO{,,0,30,7:30,18:30,8:30,18:30,,,,,~,,,,~,~,~,,,s{4-26}V101,0742-35-5544,,34.696758,135.780629,http://www.aozorahoikuen.jp/,3`A24\
FO{,KID'SnEXMOMO,0,15,7:30,18:00,7:30,18:00,,,,,~,,,,~,~,~,,,s10-29r2F,0742-35-8882,c,34.681687,135.78475,http://www.kidshouse-momo.com/,6`A24
FO{,LbYGWF,1,10,20:00,4:00,20:00,4:00,,,,,~,,,,~,~,~,,,s{6-1-8V{r3e,0742-36-7089,{,34.684652,135.81154,http://www2.hp-ez.com/hp/kids-angel/page1,1`
FO{,,0,20,7:30,20:00,,,,,,,,,,~,~,~,~,,,sO{O4-29,0742-34-7844,XcY,34.68008,135.814468,http://nttbj.itp.ne.jp/0742347844/index.html,6`AxAyEj\AOL
FO{,V-,0,10,8:00,18:00,,,,,,,,,,~,~,~,~,,,sxY4-1-11,0742-43-4068,R,34.692343,135.734049,http://www.nara-shalom.com/,6`Aj9:00`17:00AOL
FO{,eb\-wO,1,25,8:00,18:00,,,,,,,~,~,~,~,~,~,~,,,sou29-19,0742-51-6539,],34.707074,135.745088,http://www.monte-hoiku.com/,16`
FO{,,0,28,7:30,18:30,7:30,18:30,,,,,~,,~,~,~,~,~,,,s_a665-3,0742-62-0506,,34.658712,135.819399,http://web1.kcn.jp/nanairo/,3`
FO{,_N-C^-iVivXN-,1,80,7:30,18:00,,,,,,,,~,~,~,~,~,~,,,sxY1-14-17,0742-53-8711,L_N-,34.694103,135.737583,http://duchool.net/,110`AOL
FO{,LXgqgt@t@,3,30,8:00,14:00,,,,,,,,~,~,~,~,~,~,,,sw3-14-12,0742-45-4115,G,34.691626,135.749639,http://web1.kcn.jp/funfun/,3`AOL
FO{,[LbY,0,36,7:30,18:30,7:30,18:30,,,,,,,,~,~,~,~,,,sVs22-3,0742-27-5373,[Xe[W,34.68601,135.82573,,2`3A7:30`18:30
FO{,j`CLbYO,0,18,8:00,19:00,8:00,19:00,,,,,,~,~,~,~,~,~,,,sO{4-32r2K,0742-20-6201,j`Cw,34.680082,135.819137,http://www.nichiikids.net/nursery/direct/nara/member.html,57`2
FO{,gDCNRuqv,0,8,7:00,18:00,7:00,18:00,,,,,,,~,~,~,~,~,,,sR21,0742-93-5901,wp[Xe[V,34.710821,135.771827,https://khs91918.com/hoikuen/,6`5
FO{,,0,12,7:30,18:30,7:30,18:30,,,,,,,~,~,~,~,~,,,s{1-3-7~gr1F,0742-94-8898,c@l@tii,34.682388,135.818159,http://ichijyokids.xsrv.jp/,6`2
FO{,,0,19,8:30,19:30,8:30,19:30,,,,,,,,~,~,~,~,,,s585-4,0742-81-7123,@z_lbgi,34.676112,135.799863,http://www.net-nara.com/ohisama/,6`5A8:30`19:30
FO{,,0,19,7:00,20:00,7:00,20:00,,,,,,~,,~,~,~,~,,,sac1166,0743-53-0017,EFRT,34.666576,135.75446,http://www.wellgroup.jp/nozomi/index.php,6`2A7:00`20:00
FO{,,0,12,7:00,18:00,7:00,18:00,,,,,,~,~,~,~,~,~,,,s{2-2-23@1F,0742-81-9977,@EverGreen,34.682763,135.816495,,6`5
FO{,ss^||[,0,30,7:30,20:30,7:30,20:30,,,,,~,,,~,~,~,~,,,sR108-1@r2F,0742-32-4040,^XNEtH[X,34.696912,135.785683,,2`5A7:30`20:30
FO{,~Ei[,0,40,7:30,19:30,7:30,18:30,,,,,,,~,~,~,~,~,,,sH1-3-1~Ei[3F,0742-32-4150,@l,34.685235,135.802094,http://www.ikuhoukai.com/cn9/index.html,3`AwO@dbAB
FO{,jdb,0,40,7:30,20:30,7:30,20:30,,,,,,~,~,~,~,~,~,,,sk1-3-4,0742-51-3339,P[C[V[,,,https://www.kec.gr.jp/hoikuen/,6`5AOvk
FO{,jRjR,0,19,7:00,20:00,7:00,20:00,,,,,,~,~,~,~,~,~,,,s29-5,0742-25-2535,wZ@lVw,34.685534,135.82735,http://www.kinnara2525.jp/,6`AwO@OL
a{,,0,5,8:30,17:00,,,,,,,~,~,~,~,,~,~,,,sI1-21,0742-24-1252,vc@lnU,34.671351,135.835298,,6`AOL
a{,,1,6,8:30,17:00,,,,,,,~,~,~,~,,~,~,,,s648-1,0742-40-3940,M,34.685648,135.772533,http://www.sukusukukirakira.com/,1`AOL
